question,response
"Hi","Hello!"
"How are you?","I am good, thank you."
"What is your name?","I am a chatbot."
"Goodbye","Goodbye!"
"What can you do?","I can chat with you."
"Tell me a joke","Why don’t scientists trust atoms? Because they make up everything!"
"What’s the weather like?","I’m not sure about the weather."
"Can you help me with math?","I can try to help with math problems."
"What’s your favorite color?","I don’t have a favorite color."
"Do you like music?","I don’t have personal preferences."
"How old are you?","I don’t age like humans do."
"Where are you from?","I am a chatbot created to assist you."
"What’s your favorite food?","I don’t eat food."
"Can you tell me a story?","Once upon a time, there was a chatbot."
"What’s your favorite book?","I don’t read books."
"Can you translate languages?","I can help with some translations."
"What’s the capital of France?","The capital of France is Paris."
"Who is the president of the USA?","The president is Joe Biden."
"What’s the square root of 16?","The square root of 16 is 4."
"What’s the latest news?","I don’t have access to live news."
"Can you play games?","I can help with game instructions."
"What’s your favorite movie?","I don’t watch movies."
"How do I cook pasta?","Boil water, add pasta, cook until tender."
"Can you recommend a restaurant?","I don’t have information on local restaurants."
"What’s the meaning of life?","The meaning of life is a philosophical question."
"Can you solve riddles?","I can try to solve riddles."
"What’s the weather in New York?","I don’t have access to real-time weather data."
"What’s the stock price of Apple?","I don’t have access to real-time stock prices."
"Can you tell me a fun fact?","Did you know honey never spoils?"
"What’s the distance to the moon?","The average distance to the moon is about 384,400 km."
"How can I improve my coding skills?","Practice coding regularly and learn from projects."
"Can you give me a motivational quote?","'The best way to get started is to quit talking and begin doing.' – Walt Disney"
"What’s the best way to learn a new language?","Practice regularly and immerse yourself in the language."
"What’s the fastest animal on land?","The cheetah is the fastest land animal."
"What’s the largest planet in our solar system?","Jupiter is the largest planet in our solar system."
"Can you recommend a book?","'To Kill a Mockingbird' by Harper Lee is a classic."
"What’s the best exercise for fitness?","A combination of cardio and strength training is effective."
"What’s the capital of Japan?","The capital of Japan is Tokyo."
"Can you help me with my homework?","I can try to help with your homework questions."
"What’s the highest mountain in the world?","Mount Everest is the highest mountain in the world."
"What’s the best way to save money?","Create a budget and stick to it."
"What’s your favorite sport?","I don’t have preferences for sports."
"How do I start a business?","Research your market, create a business plan, and get started."
"What’s the meaning of love?","Love is a complex and multifaceted emotion."
"Can you help with a recipe?","Yes, I can provide recipe instructions."
"What’s the best way to stay healthy?","Eat a balanced diet and exercise regularly."
"What’s the largest ocean on Earth?","The Pacific Ocean is the largest ocean."
"Can you give me travel advice?","Plan ahead, pack wisely, and stay safe."
"What’s the time in London?","I don’t have real-time capabilities."
"How do I fix a leaky faucet?","You may need to replace the washer or seek professional help."
"What’s the best way to relax?","Try meditation, reading, or a leisurely walk."
"What’s the capital of Canada?","The capital of Canada is Ottawa."
"Can you teach me programming?","I can help with programming concepts and examples."
"What’s the fastest way to learn something?","Practice regularly and seek feedback."
"What’s the best way to manage stress?","Exercise, talk to someone, and practice mindfulness."
